,Unnamed: 0,median_income,housing_units,occupied_housing_units,total_pop,white_pop,afam_pop,amindian_pop,asian_pop,hawaiian_pop,other_race,two_or_more,male,female,median_age,under_18,above_18,PCT0050002,PCT0050003,PCT0050004,PCT0050005,PCT0050006,PCT0050007,PCT0050008,PCT0050009,PCT0050010,PCT0050011,PCT0050012,PCT0050013,PCT0050014,PCT0050015,PCT0050016,PCT0050017,PCT0050018,PCT0050019,PCT0050020,PCT0050021,PCT0050022,state,zipcode,zip,naics,est,n1_4,n5_9,n10_19,n20_49,n50_99,n100_249,n250_499,n500_999,n1000
0,0.0,46146.0,13246.0,11418.0,39507.0,20634.0,3754.0,731.0,971.0,174.0,11580.0,1663.0,19844.0,19663.0,26.7,13608.0,25745.0,128.0,1.0,0.0,0.0,23.0,53.0,385.0,2.0,2.0,43.0,36.0,45.0,1.0,3.0,7.0,2.0,3.0,8.0,166.0,5.0,30.0,4.0,85323.0,85323,------,441,186,78,76,52,28,19,2,0,0
1,1.0,27557.0,5916.0,4811.0,14040.0,7374.0,1880.0,440.0,313.0,17.0,3479.0,537.0,7490.0,6550.0,35.0,3652.0,8906.0,32.0,1.0,0.0,0.0,0.0,158.0,30.0,0.0,2.0,11.0,10.0,0.0,0.0,4.0,1.0,0.0,5.0,1.0,34.0,0.0,20.0,4.0,85007.0,85007,------,420,200,77,75,43,12,10,2,1,0
2,2.0,35571.0,16046.0,13573.0,53037.0,28819.0,2716.0,920.0,444.0,67.0,18109.0,1962.0,26504.0,26533.0,25.0,20177.0,32843.0,73.0,0.0,0.0,0.0,0.0,31.0,163.0,0.0,0.0,24.0,26.0,6.0,0.0,0.0,0.0,0.0,3.0,15.0,82.0,0.0,3.0,4.0,85033.0,85033,------,391,163,96,62,46,15,8,1,0,0
3,3.0,51483.0,13690.0,12451.0,31274.0,23674.0,1211.0,507.0,1051.0,58.0,3705.0,1068.0,15535.0,15739.0,34.8,7731.0,23472.0,323.0,3.0,0.0,10.0,11.0,159.0,261.0,1.0,10.0,57.0,47.0,4.0,0.0,2.0,10.0,7.0,1.0,13.0,90.0,1.0,26.0,4.0,85023.0,85023,------,582,338,88,62,57,13,16,4,4,0
4,4.0,129375.0,8211.0,6935.0,17047.0,15671.0,183.0,37.0,685.0,11.0,147.0,313.0,8347.0,8700.0,50.2,3566.0,13405.0,284.0,0.0,0.0,0.0,0.0,166.0,46.0,0.0,3.0,25.0,56.0,0.0,0.0,0.0,32.0,12.0,7.0,6.0,26.0,0.0,9.0,4.0,85253.0,85253,------,831,552,106,75,63,20,12,2,1,0
5,5.0,53552.0,13896.0,12220.0,26755.0,21929.0,602.0,680.0,582.0,42.0,2090.0,830.0,13307.0,13448.0,40.1,4529.0,21987.0,78.0,0.0,0.0,6.0,18.0,135.0,117.0,0.0,11.0,40.0,49.0,3.0,0.0,0.0,1.0,0.0,7.0,35.0,57.0,2.0,6.0,4.0,85257.0,85257,------,559,322,92,61,46,16,15,4,2,1
6,6.0,64315.0,4328.0,3720.0,10822.0,6797.0,805.0,215.0,598.0,14.0,1848.0,545.0,5400.0,5422.0,29.6,3033.0,7767.0,28.0,0.0,0.0,0.0,18.0,32.0,139.0,0.0,1.0,17.0,41.0,4.0,0.0,0.0,9.0,0.0,0.0,21.0,259.0,0.0,12.0,4.0,85305.0,85305,------,282,88,69,57,39,13,10,5,1,0
7,7.0,77892.0,15233.0,12022.0,23342.0,21753.0,261.0,81.0,651.0,18.0,176.0,402.0,10919.0,12423.0,53.3,3251.0,20064.0,202.0,5.0,0.0,1.0,0.0,132.0,66.0,0.0,5.0,80.0,76.0,3.0,0.0,0.0,19.0,5.0,12.0,5.0,18.0,0.0,8.0,4.0,85258.0,85258,------,1601,949,262,162,143,46,27,6,5,1
8,8.0,46433.0,22611.0,20016.0,60885.0,41824.0,1691.0,1224.0,763.0,359.0,12550.0,2474.0,30837.0,30048.0,29.4,18516.0,42193.0,43.0,12.0,0.0,1.0,7.0,96.0,209.0,3.0,2.0,78.0,41.0,6.0,0.0,0.0,20.0,1.0,5.0,28.0,165.0,0.0,19.0,4.0,85204.0,85204,------,1058,552,183,135,124,46,12,6,0,0
9,9.0,70004.0,15361.0,13341.0,41115.0,28725.0,2794.0,479.0,1188.0,76.0,6013.0,1840.0,20549.0,20566.0,31.7,12895.0,28056.0,161.0,0.0,0.0,1.0,10.0,121.0,451.0,1.0,4.0,61.0,40.0,0.0,0.0,0.0,20.0,0.0,2.0,26.0,226.0,2.0,28.0,4.0,85338.0,85338,------,686,329,126,82,86,33,22,4,3,1
10,10.0,96875.0,8740.0,8120.0,26979.0,22068.0,947.0,241.0,1475.0,41.0,1182.0,1025.0,13463.0,13516.0,28.9,10332.0,16630.0,323.0,25.0,0.0,3.0,8.0,271.0,285.0,1.0,3.0,29.0,151.0,4.0,1.0,0.0,17.0,1.0,13.0,21.0,248.0,2.0,28.0,4.0,85297.0,85297,------,587,386,76,61,42,10,11,1,0,0
11,11.0,70860.0,18246.0,16978.0,37993.0,29788.0,2490.0,857.0,1890.0,78.0,1499.0,1391.0,18647.0,19346.0,37.9,7969.0,29958.0,550.0,11.0,0.0,10.0,16.0,284.0,327.0,0.0,24.0,151.0,227.0,10.0,7.0,13.0,37.0,0.0,29.0,22.0,114.0,1.0,18.0,4.0,85044.0,85044,------,975,537,146,128,92,36,22,9,5,0
12,12.0,31921.0,26011.0,22071.0,57348.0,39671.0,3148.0,1739.0,3987.0,170.0,6243.0,2390.0,31214.0,26134.0,23.5,7139.0,40763.0,1238.0,40.0,0.0,9.0,45.0,1216.0,268.0,0.0,38.0,141.0,333.0,26.0,9.0,18.0,48.0,19.0,140.0,41.0,254.0,2.0,43.0,4.0,85281.0,85281,------,2255,945,395,352,324,132,64,28,14,1
13,13.0,48608.0,29594.0,25991.0,65485.0,51453.0,1821.0,846.0,1809.0,118.0,7502.0,1936.0,32618.0,32867.0,35.2,15539.0,49191.0,695.0,0.0,0.0,14.0,9.0,275.0,418.0,7.0,16.0,76.0,79.0,2.0,2.0,0.0,2.0,18.0,9.0,30.0,100.0,2.0,34.0,4.0,85032.0,85032,------,1611,878,327,203,138,42,19,4,0,0
14,14.0,97195.0,11677.0,10504.0,26960.0,25266.0,194.0,108.0,452.0,12.0,421.0,507.0,13180.0,13780.0,44.4,6458.0,20483.0,72.0,0.0,0.0,0.0,9.0,101.0,83.0,0.0,3.0,41.0,54.0,3.0,0.0,0.0,7.0,5.0,4.0,13.0,39.0,2.0,10.0,4.0,85331.0,85331,------,796,566,109,67,37,11,5,1,0,0
15,15.0,104814.0,13700.0,12080.0,37182.0,32323.0,820.0,165.0,1831.0,35.0,988.0,1020.0,18465.0,18717.0,36.3,11570.0,25517.0,403.0,17.0,0.0,7.0,30.0,295.0,328.0,2.0,1.0,54.0,280.0,11.0,0.0,1.0,49.0,2.0,2.0,31.0,249.0,0.0,31.0,4.0,85383.0,85383,------,782,549,105,68,44,10,4,2,0,0
16,16.0,64694.0,18763.0,17436.0,42796.0,32320.0,2028.0,773.0,2862.0,48.0,3012.0,1753.0,21001.0,21795.0,34.4,9502.0,33102.0,628.0,17.0,0.0,11.0,63.0,493.0,510.0,7.0,21.0,128.0,174.0,19.0,4.0,4.0,107.0,8.0,37.0,45.0,459.0,0.0,42.0,4.0,85224.0,85224,------,1173,601,202,167,117,56,18,3,6,3
17,17.0,56653.0,19231.0,16763.0,36065.0,29523.0,1194.0,741.0,721.0,44.0,2739.0,1103.0,17821.0,18244.0,40.2,7651.0,28347.0,149.0,1.0,0.0,2.0,5.0,222.0,108.0,1.0,7.0,45.0,72.0,2.0,0.0,1.0,8.0,0.0,9.0,13.0,42.0,1.0,10.0,4.0,85018.0,85018,------,1675,1028,253,190,140,38,13,12,1,0
18,18.0,57386.0,9641.0,8877.0,24191.0,19915.0,828.0,329.0,777.0,40.0,1443.0,859.0,11826.0,12365.0,36.1,5551.0,17893.0,179.0,0.0,0.0,0.0,35.0,121.0,138.0,1.0,0.0,33.0,57.0,8.0,0.0,2.0,8.0,1.0,18.0,20.0,116.0,2.0,23.0,4.0,85306.0,85306,------,518,277,90,62,57,19,10,1,0,2
19,19.0,51129.0,23136.0,21121.0,48671.0,35999.0,3081.0,1581.0,1851.0,303.0,3915.0,1941.0,24983.0,23688.0,30.6,8475.0,39875.0,371.0,7.0,0.0,12.0,52.0,403.0,246.0,1.0,14.0,138.0,227.0,25.0,1.0,14.0,23.0,5.0,25.0,25.0,193.0,2.0,35.0,4.0,85282.0,85282,------,2052,990,379,270,241,85,57,14,15,1
20,20.0,95931.0,14351.0,13395.0,38930.0,28488.0,1782.0,361.0,4813.0,72.0,1988.0,1426.0,19179.0,19751.0,33.9,11948.0,26914.0,1456.0,44.0,0.0,6.0,46.0,1110.0,606.0,1.0,16.0,82.0,404.0,38.0,2.0,9.0,127.0,2.0,60.0,38.0,620.0,0.0,61.0,4.0,85286.0,85286,------,705,424,98,68,68,24,13,6,4,0
21,21.0,48600.0,22923.0,20596.0,46395.0,37995.0,1738.0,714.0,1446.0,54.0,3100.0,1348.0,22366.0,24029.0,38.2,9625.0,36653.0,381.0,1.0,0.0,10.0,11.0,256.0,319.0,3.0,5.0,73.0,87.0,3.0,3.0,0.0,15.0,0.0,7.0,28.0,186.0,0.0,23.0,4.0,85022.0,85022,------,819,480,153,96,60,23,7,0,0,0
22,22.0,37861.0,15095.0,12853.0,36464.0,22458.0,1715.0,1288.0,624.0,251.0,8617.0,1511.0,18751.0,17713.0,29.4,10351.0,25370.0,90.0,1.0,0.0,3.0,23.0,106.0,135.0,0.0,4.0,36.0,33.0,4.0,0.0,0.0,15.0,2.0,17.0,14.0,117.0,0.0,11.0,4.0,85210.0,85210,------,1247,606,236,177,121,63,33,6,5,0
23,23.0,90381.0,8705.0,8143.0,19157.0,17627.0,242.0,124.0,402.0,16.0,338.0,408.0,9283.0,9874.0,46.9,3643.0,15458.0,79.0,0.0,0.0,3.0,1.0,120.0,56.0,0.0,5.0,42.0,36.0,0.0,0.0,0.0,6.0,6.0,10.0,5.0,11.0,0.0,11.0,4.0,85028.0,85028,------,889,606,118,88,42,22,9,3,1,0
24,24.0,63538.0,9669.0,8178.0,15906.0,14624.0,208.0,87.0,316.0,19.0,302.0,350.0,7286.0,8620.0,47.4,2164.0,13714.0,69.0,1.0,0.0,9.0,0.0,75.0,45.0,0.0,1.0,29.0,41.0,4.0,0.0,1.0,0.0,0.0,1.0,5.0,21.0,0.0,8.0,4.0,85250.0,85250,------,662,419,86,57,60,20,15,5,0,0
25,25.0,80216.0,10275.0,8704.0,25922.0,19439.0,1593.0,401.0,1657.0,34.0,2015.0,783.0,10955.0,14967.0,40.7,5115.0,17143.0,172.0,8.0,0.0,1.0,7.0,330.0,493.0,1.0,2.0,54.0,168.0,9.0,5.0,4.0,9.0,1.0,3.0,15.0,284.0,27.0,26.0,4.0,85395.0,85395,------,402,225,59,49,49,14,3,3,0,0
26,26.0,84089.0,12927.0,12044.0,36799.0,30083.0,1243.0,283.0,1905.0,81.0,1776.0,1428.0,18170.0,18629.0,31.7,11750.0,24953.0,387.0,33.0,0.0,0.0,16.0,341.0,462.0,0.0,17.0,86.0,129.0,16.0,1.0,2.0,27.0,4.0,15.0,24.0,263.0,1.0,27.0,4.0,85296.0,85296,------,953,583,134,132,64,24,11,3,1,1
27,27.0,41660.0,15947.0,14074.0,36909.0,26086.0,2535.0,786.0,1447.0,109.0,4508.0,1438.0,17806.0,19103.0,35.3,9077.0,27173.0,141.0,16.0,0.0,17.0,9.0,229.0,277.0,0.0,9.0,98.0,75.0,4.0,0.0,8.0,5.0,0.0,2.0,21.0,464.0,1.0,43.0,4.0,85302.0,85302,------,360,192,85,35,27,9,10,2,0,0
28,28.0,98382.0,13632.0,12613.0,33449.0,27017.0,1548.0,356.0,2333.0,68.0,900.0,1227.0,16411.0,17038.0,39.1,8940.0,24475.0,575.0,8.0,0.0,1.0,4.0,607.0,239.0,0.0,8.0,131.0,377.0,13.0,19.0,9.0,21.0,1.0,54.0,22.0,188.0,0.0,15.0,4.0,85048.0,85048,------,768,543,93,65,50,11,5,1,0,0
29,29.0,62921.0,18632.0,16643.0,40454.0,35442.0,1029.0,242.0,1266.0,53.0,1320.0,1102.0,18991.0,21463.0,40.7,9421.0,30773.0,318.0,3.0,0.0,4.0,12.0,223.0,253.0,0.0,2.0,59.0,166.0,8.0,1.0,0.0,14.0,0.0,4.0,17.0,130.0,1.0,24.0,4.0,85382.0,85382,------,807,418,120,115,81,39,30,4,0,0
30,30.0,65627.0,20434.0,16738.0,44744.0,39224.0,845.0,406.0,770.0,54.0,2259.0,1186.0,21919.0,22825.0,40.5,11460.0,33112.0,85.0,0.0,0.0,0.0,6.0,123.0,256.0,0.0,7.0,50.0,97.0,12.0,1.0,0.0,9.0,0.0,1.0,9.0,70.0,0.0,19.0,4.0,85207.0,85207,------,612,435,81,52,30,9,4,1,0,0
31,31.0,102875.0,10270.0,8976.0,21422.0,19369.0,309.0,88.0,978.0,11.0,208.0,459.0,10430.0,10992.0,46.6,4538.0,16798.0,300.0,7.0,0.0,0.0,1.0,238.0,105.0,0.0,4.0,64.0,123.0,1.0,2.0,4.0,45.0,1.0,7.0,7.0,39.0,1.0,11.0,4.0,85259.0,85259,------,604,478,58,34,24,7,3,0,0,0
32,32.0,34677.0,23282.0,19676.0,56145.0,30274.0,5360.0,2249.0,894.0,141.0,14909.0,2318.0,29146.0,26999.0,27.5,17187.0,38019.0,201.0,7.0,0.0,52.0,5.0,173.0,167.0,0.0,13.0,33.0,56.0,18.0,1.0,3.0,23.0,1.0,15.0,13.0,76.0,1.0,20.0,4.0,85008.0,85008,------,716,360,128,82,67,37,25,9,6,2
33,33.0,38864.0,16525.0,14174.0,40375.0,25849.0,2608.0,1256.0,1545.0,97.0,7371.0,1649.0,20242.0,20133.0,32.9,11299.0,28912.0,86.0,2.0,23.0,406.0,2.0,133.0,226.0,0.0,4.0,52.0,34.0,18.0,0.0,2.0,11.0,0.0,0.0,39.0,434.0,0.0,45.0,4.0,85051.0,85051,------,608,291,145,84,63,17,7,1,0,0
34,34.0,44702.0,17681.0,15628.0,37275.0,25419.0,2442.0,1865.0,1239.0,231.0,4514.0,1565.0,18547.0,18728.0,31.5,8449.0,28752.0,148.0,9.0,0.0,3.0,40.0,245.0,216.0,1.0,15.0,46.0,134.0,8.0,1.0,4.0,26.0,7.0,13.0,42.0,214.0,0.0,34.0,4.0,85202.0,85202,------,874,431,179,129,90,34,8,0,1,2
35,35.0,118618.0,19159.0,15299.0,37270.0,34331.0,413.0,58.0,1510.0,31.0,272.0,655.0,18148.0,19122.0,45.0,8706.0,28463.0,506.0,2.0,0.0,9.0,0.0,329.0,139.0,0.0,3.0,70.0,235.0,4.0,2.0,4.0,37.0,8.0,16.0,12.0,75.0,2.0,22.0,4.0,85255.0,85255,------,1683,1125,208,152,123,42,24,5,3,1
36,36.0,81101.0,8095.0,7267.0,24492.0,19841.0,926.0,270.0,804.0,103.0,1588.0,960.0,12236.0,12256.0,29.0,8693.0,15493.0,101.0,12.0,0.0,1.0,14.0,88.0,200.0,0.0,4.0,53.0,41.0,24.0,0.0,0.0,12.0,4.0,1.0,28.0,150.0,0.0,38.0,4.0,85212.0,85212,------,482,294,82,37,39,19,8,3,0,0
37,37.0,68557.0,10131.0,9452.0,22898.0,19856.0,554.0,187.0,813.0,52.0,704.0,732.0,11107.0,11791.0,34.7,5438.0,17437.0,300.0,0.0,0.0,0.0,5.0,100.0,141.0,0.0,0.0,30.0,99.0,16.0,0.0,5.0,24.0,2.0,1.0,14.0,55.0,0.0,7.0,4.0,85024.0,85024,------,520,292,94,63,44,14,9,2,1,1
38,38.0,56887.0,19320.0,17965.0,44813.0,28864.0,3077.0,4085.0,2126.0,161.0,4565.0,1935.0,22640.0,22173.0,31.4,9730.0,34663.0,718.0,34.0,0.0,0.0,60.0,353.0,225.0,0.0,41.0,80.0,189.0,10.0,2.0,13.0,59.0,9.0,35.0,17.0,189.0,2.0,41.0,4.0,85283.0,85283,------,1130,574,198,145,129,40,31,6,4,3
39,39.0,79162.0,19498.0,16811.0,36056.0,32169.0,568.0,141.0,1936.0,28.0,429.0,785.0,17065.0,18991.0,43.1,6669.0,29013.0,815.0,0.0,0.0,14.0,9.0,293.0,217.0,0.0,11.0,121.0,168.0,7.0,1.0,6.0,51.0,7.0,21.0,20.0,113.0,0.0,16.0,4.0,85260.0,85260,------,3259,1836,566,353,310,112,60,16,4,2
40,40.0,45615.0,4910.0,3900.0,9369.0,5931.0,1024.0,252.0,114.0,22.0,1696.0,330.0,5844.0,3525.0,31.7,1474.0,5987.0,15.0,0.0,0.0,0.0,0.0,19.0,25.0,0.0,0.0,10.0,8.0,1.0,0.0,0.0,1.0,0.0,2.0,6.0,12.0,0.0,12.0,4.0,85003.0,85003,------,474,265,77,54,53,17,6,1,0,1
41,41.0,42224.0,18508.0,16370.0,43233.0,31121.0,2082.0,1096.0,1086.0,84.0,6160.0,1604.0,21328.0,21905.0,33.2,11210.0,31624.0,214.0,4.0,13.0,16.0,61.0,149.0,222.0,1.0,3.0,34.0,43.0,38.0,0.0,7.0,8.0,2.0,0.0,26.0,189.0,0.0,22.0,4.0,85029.0,85029,------,788,392,153,94,85,26,26,4,7,1
42,42.0,35453.0,21284.0,17398.0,27789.0,26836.0,401.0,68.0,185.0,8.0,145.0,146.0,11541.0,16248.0,73.5,72.0,27391.0,11.0,0.0,0.0,0.0,1.0,19.0,51.0,0.0,4.0,64.0,14.0,2.0,0.0,0.0,1.0,0.0,0.0,5.0,9.0,0.0,0.0,4.0,85351.0,85351,------,415,194,98,70,38,8,5,1,0,1
43,43.0,84170.0,9587.0,8480.0,26262.0,19183.0,1815.0,247.0,1283.0,45.0,2635.0,1054.0,12927.0,13335.0,34.3,8180.0,18027.0,152.0,4.0,0.0,0.0,3.0,172.0,281.0,11.0,6.0,55.0,133.0,33.0,0.0,0.0,11.0,2.0,7.0,28.0,327.0,8.0,22.0,4.0,85340.0,85340,------,394,252,55,41,30,9,6,1,0,0
44,44.0,52453.0,22441.0,17860.0,34390.0,29127.0,944.0,559.0,730.0,56.0,1886.0,1088.0,16980.0,17410.0,37.4,5203.0,28996.0,187.0,7.0,0.0,2.0,1.0,158.0,117.0,0.0,1.0,52.0,88.0,5.0,1.0,1.0,18.0,7.0,1.0,17.0,40.0,2.0,6.0,4.0,85251.0,85251,------,2329,1284,415,281,209,94,30,8,6,2
45,45.0,61908.0,9141.0,7062.0,15963.0,14671.0,216.0,149.0,249.0,14.0,321.0,343.0,7613.0,8350.0,52.3,2672.0,13055.0,41.0,0.0,0.0,0.0,0.0,38.0,59.0,0.0,0.0,30.0,17.0,1.0,0.0,0.0,0.0,0.0,2.0,9.0,42.0,0.0,7.0,4.0,85215.0,85215,------,615,298,108,91,82,20,13,3,0,0
46,46.0,30202.0,8241.0,6908.0,25042.0,12788.0,1311.0,648.0,843.0,42.0,8360.0,1050.0,12608.0,12434.0,27.9,8680.0,16342.0,34.0,5.0,7.0,51.0,13.0,146.0,66.0,0.0,0.0,17.0,12.0,2.0,6.0,1.0,0.0,1.0,0.0,1.0,450.0,0.0,17.0,4.0,85019.0,85019,------,301,138,55,53,39,11,4,1,0,0
47,47.0,29903.0,10183.0,8565.0,25742.0,13463.0,1305.0,751.0,266.0,35.0,8935.0,987.0,13315.0,12427.0,29.3,8003.0,17095.0,116.0,0.0,0.0,2.0,0.0,34.0,53.0,0.0,0.0,6.0,6.0,8.0,0.0,1.0,0.0,0.0,1.0,7.0,23.0,0.0,6.0,4.0,85006.0,85006,------,468,238,85,59,58,11,9,5,2,1
48,48.0,35799.0,21487.0,17915.0,46092.0,30548.0,2519.0,2652.0,772.0,167.0,7553.0,1881.0,23005.0,23087.0,30.4,12544.0,33082.0,97.0,4.0,0.0,3.0,9.0,118.0,137.0,1.0,13.0,42.0,68.0,12.0,0.0,3.0,19.0,0.0,15.0,23.0,148.0,1.0,28.0,4.0,85201.0,85201,------,904,456,160,131,97,36,18,5,1,0
49,49.0,113370.0,6407.0,6162.0,16479.0,14073.0,329.0,93.0,1257.0,14.0,308.0,405.0,8134.0,8345.0,45.1,3790.0,12672.0,382.0,0.0,0.0,1.0,7.0,417.0,74.0,0.0,12.0,56.0,73.0,1.0,1.0,8.0,75.0,5.0,35.0,5.0,74.0,0.0,8.0,4.0,85284.0,85284,------,1081,526,153,137,148,56,38,14,7,2
50,50.0,24046.0,2062.0,1629.0,5582.0,2850.0,636.0,202.0,59.0,3.0,1627.0,205.0,3014.0,2568.0,31.7,1713.0,3201.0,16.0,0.0,0.0,0.0,5.0,11.0,15.0,0.0,0.0,4.0,2.0,0.0,0.0,0.0,0.0,0.0,0.0,0.0,3.0,0.0,1.0,4.0,85034.0,85034,------,1203,443,201,189,182,92,59,19,9,9
51,51.0,81031.0,7618.0,6569.0,17517.0,14645.0,427.0,102.0,1332.0,37.0,426.0,548.0,8651.0,8866.0,31.9,4900.0,12566.0,539.0,0.0,0.0,0.0,13.0,169.0,116.0,0.0,3.0,31.0,161.0,1.0,1.0,1.0,29.0,0.0,7.0,10.0,197.0,0.0,26.0,4.0,85085.0,85085,------,545,306,74,79,57,13,10,5,1,0
52,52.0,48257.0,17709.0,15114.0,32850.0,25739.0,1197.0,677.0,697.0,42.0,3480.0,1018.0,16163.0,16687.0,41.2,6686.0,25754.0,166.0,0.0,0.0,6.0,7.0,145.0,134.0,0.0,1.0,63.0,44.0,10.0,1.0,0.0,2.0,8.0,2.0,7.0,58.0,0.0,19.0,4.0,85020.0,85020,------,1035,609,163,122,93,24,17,3,3,1
53,53.0,48711.0,9718.0,8567.0,30310.0,15801.0,2548.0,583.0,1395.0,56.0,8582.0,1345.0,14988.0,15322.0,28.0,10439.0,19741.0,87.0,0.0,0.0,11.0,25.0,101.0,345.0,0.0,5.0,21.0,50.0,18.0,0.0,0.0,0.0,5.0,6.0,47.0,610.0,0.0,36.0,4.0,85303.0,85303,------,222,102,46,28,25,14,6,1,0,0
54,54.0,90773.0,13857.0,12721.0,38332.0,30769.0,1442.0,340.0,2873.0,75.0,1400.0,1433.0,18987.0,19345.0,29.8,12835.0,25473.0,507.0,65.0,0.0,8.0,29.0,558.0,647.0,0.0,11.0,76.0,206.0,16.0,0.0,2.0,61.0,6.0,19.0,29.0,520.0,0.0,38.0,4.0,85295.0,85295,------,737,444,100,84,72,21,11,5,0,0
55,55.0,50182.0,10943.0,9168.0,19314.0,14167.0,1348.0,768.0,607.0,37.0,1728.0,659.0,9859.0,9455.0,38.9,3718.0,15358.0,160.0,7.0,0.0,4.0,4.0,95.0,138.0,0.0,0.0,32.0,28.0,2.0,0.0,0.0,4.0,1.0,0.0,8.0,86.0,0.0,23.0,4.0,85013.0,85013,------,602,331,100,83,55,17,14,1,0,1
56,56.0,56272.0,27397.0,25025.0,69810.0,46397.0,3796.0,1551.0,3262.0,171.0,11845.0,2788.0,34409.0,35401.0,31.2,19653.0,49971.0,575.0,27.0,3.0,0.0,56.0,604.0,648.0,0.0,19.0,128.0,264.0,18.0,5.0,13.0,54.0,3.0,31.0,53.0,617.0,2.0,46.0,4.0,85225.0,85225,------,1190,684,226,130,104,26,16,2,2,0
57,57.0,70309.0,26234.0,24405.0,63876.0,54651.0,1581.0,501.0,3026.0,100.0,2195.0,1822.0,31263.0,32613.0,38.7,14701.0,48491.0,949.0,8.0,3.0,3.0,31.0,503.0,396.0,0.0,12.0,113.0,379.0,18.0,1.0,13.0,69.0,4.0,28.0,28.0,338.0,4.0,62.0,4.0,85308.0,85308,------,1810,972,348,258,159,42,23,5,3,0
58,58.0,32349.0,1854.0,1539.0,4974.0,661.0,12.0,3988.0,7.0,5.0,99.0,202.0,2367.0,2607.0,29.5,1679.0,3290.0,1.0,0.0,0.0,0.0,0.0,0.0,2.0,0.0,0.0,1.0,2.0,0.0,0.0,0.0,0.0,0.0,0.0,1.0,0.0,0.0,0.0,4.0,85256.0,85256,------,67,28,8,8,14,2,4,1,1,1
59,59.0,56552.0,9772.0,9092.0,25883.0,20872.0,961.0,321.0,935.0,60.0,1795.0,939.0,12637.0,13246.0,38.0,6218.0,19279.0,109.0,3.0,0.0,3.0,45.0,181.0,182.0,0.0,3.0,41.0,82.0,12.0,0.0,1.0,2.0,1.0,14.0,25.0,170.0,2.0,25.0,4.0,85304.0,85304,------,276,173,46,29,18,6,3,1,0,0
60,60.0,77415.0,14487.0,13674.0,37564.0,29596.0,1330.0,407.0,2502.0,120.0,2221.0,1388.0,18439.0,19125.0,34.7,10190.0,27311.0,536.0,14.0,0.0,3.0,19.0,545.0,322.0,0.0,2.0,102.0,263.0,13.0,3.0,10.0,35.0,5.0,26.0,35.0,464.0,0.0,46.0,4.0,85233.0,85233,------,1124,584,182,137,135,53,24,6,1,2
61,61.0,56640.0,9673.0,8485.0,31011.0,16392.0,2968.0,488.0,793.0,74.0,8904.0,1392.0,15096.0,15915.0,26.0,11502.0,19509.0,71.0,11.0,0.0,1.0,26.0,48.0,248.0,0.0,5.0,8.0,16.0,65.0,0.0,0.0,13.0,6.0,0.0,12.0,219.0,0.0,19.0,4.0,85353.0,85353,------,319,111,60,53,38,24,22,8,1,2
62,62.0,47422.0,13644.0,12172.0,35541.0,26367.0,1116.0,1498.0,388.0,137.0,4908.0,1127.0,17623.0,17918.0,31.4,10450.0,24924.0,38.0,0.0,0.0,4.0,0.0,101.0,68.0,0.0,0.0,37.0,27.0,1.0,0.0,0.0,18.0,3.0,2.0,9.0,60.0,0.0,7.0,4.0,85203.0,85203,------,711,409,129,96,58,12,5,2,0,0
63,63.0,77932.0,15439.0,14624.0,37376.0,28237.0,1616.0,722.0,3797.0,66.0,1575.0,1363.0,18327.0,19049.0,35.0,9370.0,27947.0,1575.0,76.0,0.0,12.0,21.0,746.0,370.0,2.0,14.0,91.0,229.0,7.0,13.0,7.0,61.0,15.0,68.0,46.0,324.0,1.0,50.0,4.0,85226.0,85226,------,1479,620,276,231,201,86,47,10,5,3
64,64.0,53694.0,17220.0,14237.0,51705.0,33278.0,3433.0,979.0,702.0,98.0,11244.0,1971.0,28346.0,23359.0,30.3,15983.0,30615.0,48.0,0.0,0.0,0.0,31.0,37.0,278.0,0.0,2.0,26.0,49.0,27.0,1.0,0.0,5.0,17.0,0.0,31.0,98.0,0.0,31.0,4.0,85326.0,85326,------,442,238,81,55,46,12,6,3,1,0
65,65.0,87580.0,20252.0,18478.0,45801.0,40957.0,649.0,241.0,2303.0,34.0,679.0,938.0,22432.0,23369.0,43.4,9833.0,35426.0,1275.0,1.0,0.0,10.0,0.0,325.0,252.0,0.0,6.0,83.0,117.0,2.0,2.0,1.0,40.0,3.0,40.0,22.0,76.0,2.0,21.0,4.0,85254.0,85254,------,2024,1248,278,229,159,69,33,5,3,0
66,66.0,76413.0,3801.0,2967.0,5384.0,4636.0,173.0,34.0,293.0,5.0,104.0,139.0,2663.0,2721.0,35.2,738.0,4633.0,113.0,0.0,0.0,0.0,0.0,43.0,50.0,0.0,1.0,20.0,13.0,1.0,0.0,0.0,9.0,1.0,6.0,1.0,17.0,0.0,8.0,4.0,85054.0,85054,------,248,121,28,30,32,19,11,2,2,3
67,67.0,129564.0,7273.0,4892.0,11275.0,10615.0,134.0,25.0,239.0,8.0,84.0,170.0,5624.0,5651.0,54.1,1666.0,9609.0,45.0,0.0,0.0,8.0,0.0,79.0,16.0,0.0,1.0,30.0,32.0,0.0,0.0,2.0,5.0,0.0,0.0,5.0,9.0,0.0,2.0,4.0,85262.0,85262,------,412,302,46,26,19,13,5,1,0,0
68,68.0,114513.0,6232.0,4756.0,11406.0,10792.0,129.0,15.0,216.0,5.0,73.0,176.0,5547.0,5859.0,53.8,2079.0,9302.0,46.0,0.0,0.0,0.0,0.0,47.0,32.0,0.0,0.0,18.0,36.0,1.0,2.0,0.0,2.0,0.0,3.0,4.0,7.0,1.0,11.0,4.0,85266.0,85266,------,261,198,30,19,9,3,2,0,0,0
69,69.0,50431.0,3613.0,3099.0,9230.0,5831.0,842.0,122.0,333.0,33.0,1539.0,530.0,4637.0,4593.0,27.4,2951.0,6265.0,11.0,0.0,0.0,0.0,0.0,36.0,139.0,0.0,1.0,9.0,20.0,5.0,0.0,0.0,0.0,1.0,1.0,10.0,82.0,0.0,4.0,4.0,85307.0,85307,------,123,50,22,20,22,3,3,2,1,0
70,70.0,23302.0,14369.0,12153.0,52520.0,24795.0,2534.0,1385.0,249.0,39.0,21650.0,1868.0,28808.0,23712.0,25.6,17094.0,28366.0,20.0,0.0,0.0,13.0,1.0,42.0,83.0,0.0,3.0,16.0,14.0,4.0,0.0,0.0,1.0,0.0,1.0,0.0,28.0,0.0,20.0,4.0,85009.0,85009,------,1141,390,225,202,186,85,40,10,3,0
71,71.0,34636.0,14961.0,12592.0,47486.0,20665.0,2739.0,1087.0,429.0,67.0,20614.0,1885.0,23606.0,23880.0,24.5,17749.0,29729.0,40.0,0.0,0.0,37.0,1.0,82.0,105.0,3.0,2.0,15.0,30.0,5.0,3.0,0.0,4.0,0.0,0.0,4.0,75.0,0.0,11.0,4.0,85035.0,85035,------,234,90,57,33,33,11,9,1,0,0
72,72.0,43895.0,9443.0,8240.0,30560.0,14633.0,2844.0,648.0,672.0,35.0,10539.0,1189.0,15068.0,15492.0,25.7,11558.0,19001.0,100.0,13.0,6.0,0.0,40.0,53.0,183.0,1.0,2.0,11.0,15.0,34.0,0.0,0.0,11.0,0.0,1.0,14.0,141.0,1.0,14.0,4.0,85043.0,85043,------,789,223,125,139,147,83,40,20,7,5
73,73.0,45573.0,18657.0,14074.0,34762.0,29193.0,765.0,447.0,528.0,78.0,2688.0,1063.0,16697.0,18065.0,43.4,7836.0,26647.0,19.0,0.0,0.0,6.0,15.0,47.0,243.0,0.0,1.0,31.0,26.0,6.0,0.0,0.0,4.0,0.0,0.0,14.0,98.0,0.0,4.0,4.0,85208.0,85208,------,287,151,47,43,26,14,4,1,1,0
74,74.0,30661.0,16495.0,13420.0,37644.0,22310.0,3153.0,1893.0,1962.0,113.0,6497.0,1716.0,19013.0,18631.0,30.5,11365.0,26089.0,62.0,10.0,219.0,566.0,1.0,190.0,168.0,0.0,1.0,26.0,29.0,3.0,0.0,75.0,1.0,7.0,3.0,27.0,384.0,2.0,86.0,4.0,85015.0,85015,------,608,314,128,86,52,13,10,3,2,0
75,75.0,29830.0,793.0,317.0,583.0,548.0,1.0,5.0,2.0,2.0,4.0,21.0,295.0,288.0,61.4,47.0,522.0,0.0,0.0,0.0,0.0,0.0,0.0,0.0,0.0,0.0,2.0,0.0,0.0,0.0,0.0,0.0,0.0,0.0,0.0,0.0,0.0,0.0,4.0,85545.0,85545,------,9,5,2,1,1,0,0,0,0,0
76,76.0,76015.0,10231.0,9195.0,24249.0,20692.0,753.0,186.0,862.0,43.0,1043.0,670.0,11576.0,12673.0,41.0,5346.0,18453.0,79.0,0.0,0.0,0.0,41.0,185.0,207.0,0.0,2.0,53.0,66.0,2.0,0.0,0.0,8.0,0.0,12.0,14.0,143.0,0.0,16.0,4.0,85381.0,85381,------,650,379,119,68,57,16,11,0,0,0
77,77.0,34595.0,2804.0,2195.0,4965.0,3265.0,432.0,201.0,132.0,6.0,740.0,189.0,2646.0,2319.0,30.8,538.0,3258.0,43.0,0.0,0.0,0.0,1.0,16.0,21.0,0.0,1.0,9.0,7.0,0.0,0.0,0.0,1.0,0.0,0.0,1.0,5.0,0.0,22.0,4.0,85004.0,85004,------,1206,577,204,152,151,56,46,10,7,3
78,78.0,50489.0,2764.0,2254.0,6700.0,5613.0,52.0,80.0,35.0,9.0,709.0,202.0,3345.0,3355.0,38.9,1816.0,4879.0,6.0,0.0,0.0,0.0,0.0,0.0,16.0,0.0,0.0,6.0,4.0,0.0,0.0,0.0,0.0,0.0,0.0,0.0,1.0,0.0,1.0,4.0,85361.0,85361,------,45,34,4,5,2,0,0,0,0,0
79,79.0,23832.0,8716.0,7612.0,30493.0,14552.0,1586.0,559.0,258.0,39.0,12343.0,1156.0,15278.0,15215.0,25.1,11373.0,19093.0,16.0,0.0,0.0,0.0,2.0,26.0,90.0,0.0,0.0,17.0,5.0,4.0,0.0,0.0,0.0,1.0,0.0,5.0,83.0,0.0,9.0,4.0,85031.0,85031,------,273,118,49,49,36,12,6,2,1,0
80,80.0,55542.0,3804.0,3139.0,6390.0,5013.0,364.0,185.0,168.0,5.0,464.0,191.0,3338.0,3052.0,41.9,1014.0,5113.0,44.0,8.0,0.0,0.0,0.0,43.0,20.0,0.0,0.0,8.0,19.0,0.0,0.0,0.0,2.0,2.0,0.0,5.0,12.0,0.0,2.0,4.0,85012.0,85012,------,994,547,162,108,89,46,28,7,3,4
81,81.0,51245.0,19287.0,15969.0,33896.0,24248.0,1625.0,1265.0,989.0,36.0,4491.0,1242.0,16976.0,16920.0,37.5,6915.0,26737.0,341.0,3.0,0.0,13.0,2.0,153.0,192.0,0.0,3.0,47.0,58.0,3.0,1.0,9.0,17.0,3.0,7.0,12.0,84.0,4.0,17.0,4.0,85016.0,85016,------,2453,1346,388,285,237,107,58,19,8,5
82,82.0,80028.0,17366.0,16345.0,50014.0,42295.0,1298.0,416.0,1972.0,106.0,2372.0,1555.0,24518.0,25496.0,32.6,15853.0,34078.0,503.0,18.0,0.0,0.0,27.0,318.0,419.0,1.0,7.0,85.0,163.0,19.0,0.0,4.0,36.0,6.0,14.0,21.0,268.0,1.0,9.0,4.0,85234.0,85234,------,1116,694,181,108,89,28,14,2,0,0
83,83.0,66614.0,16773.0,14147.0,29821.0,25524.0,801.0,829.0,1774.0,16.0,359.0,518.0,13931.0,15890.0,59.0,4402.0,25405.0,640.0,9.0,0.0,2.0,3.0,294.0,167.0,0.0,2.0,91.0,317.0,11.0,10.0,0.0,22.0,0.0,25.0,20.0,87.0,8.0,27.0,4.0,85248.0,85248,------,706,434,107,78,43,18,15,4,2,5
84,84.0,57612.0,14592.0,11443.0,31797.0,27570.0,674.0,383.0,584.0,86.0,1719.0,781.0,15627.0,16170.0,39.0,8393.0,23227.0,148.0,3.0,0.0,2.0,1.0,108.0,111.0,0.0,2.0,39.0,44.0,6.0,1.0,0.0,5.0,3.0,7.0,22.0,65.0,0.0,9.0,4.0,85213.0,85213,------,571,371,75,75,30,15,4,1,0,0
85,85.0,27864.0,13883.0,11339.0,38872.0,19429.0,2603.0,1156.0,1982.0,76.0,12009.0,1617.0,19945.0,18927.0,26.9,13678.0,24583.0,80.0,0.0,205.0,675.0,1.0,93.0,89.0,0.0,2.0,9.0,19.0,16.0,0.0,10.0,5.0,9.0,2.0,25.0,646.0,0.0,41.0,4.0,85017.0,85017,------,719,315,133,131,87,30,20,1,0,2
86,86.0,46676.0,14698.0,13247.0,40962.0,19377.0,7076.0,1055.0,974.0,102.0,10711.0,1667.0,20390.0,20572.0,30.8,12063.0,28422.0,240.0,8.0,0.0,7.0,34.0,115.0,220.0,0.0,11.0,32.0,50.0,13.0,0.0,2.0,42.0,4.0,3.0,14.0,107.0,1.0,36.0,4.0,85042.0,85042,------,398,208,72,47,47,16,6,2,0,0
87,87.0,50224.0,14660.0,12774.0,44771.0,23343.0,3556.0,763.0,1349.0,70.0,13683.0,2007.0,22244.0,22527.0,26.8,15662.0,29079.0,165.0,4.0,0.0,0.0,13.0,174.0,413.0,0.0,2.0,48.0,50.0,13.0,0.0,0.0,13.0,1.0,6.0,37.0,334.0,3.0,41.0,4.0,85037.0,85037,------,305,151,61,44,30,12,5,0,1,1
88,88.0,46361.0,18849.0,15249.0,33154.0,28570.0,950.0,342.0,641.0,64.0,1777.0,810.0,15227.0,17927.0,46.6,6008.0,26679.0,103.0,2.0,0.0,0.0,1.0,111.0,199.0,2.0,6.0,45.0,58.0,3.0,0.0,6.0,1.0,0.0,3.0,20.0,60.0,1.0,7.0,4.0,85206.0,85206,------,1077,510,212,165,109,44,28,6,2,1
89,89.0,75394.0,13281.0,10426.0,22684.0,21352.0,221.0,130.0,414.0,22.0,239.0,306.0,10837.0,11847.0,54.0,3249.0,19253.0,63.0,2.0,0.0,0.0,2.0,88.0,89.0,3.0,5.0,42.0,35.0,1.0,0.0,0.0,14.0,0.0,4.0,4.0,38.0,4.0,17.0,4.0,85268.0,85268,------,632,435,91,63,32,8,3,0,0,0
90,90.0,74025.0,13935.0,12298.0,39732.0,30387.0,2493.0,321.0,1504.0,91.0,2912.0,2024.0,19459.0,20273.0,30.1,13911.0,25725.0,107.0,15.0,0.0,0.0,45.0,126.0,652.0,19.0,8.0,64.0,99.0,16.0,1.0,2.0,22.0,0.0,1.0,23.0,246.0,1.0,14.0,4.0,85379.0,85379,------,328,220,36,33,23,9,7,0,0,0
91,91.0,82746.0,16014.0,13826.0,40495.0,36106.0,846.0,365.0,917.0,58.0,1092.0,1111.0,20373.0,20122.0,37.8,11886.0,27480.0,146.0,0.0,0.0,2.0,2.0,114.0,258.0,2.0,9.0,48.0,132.0,13.0,0.0,0.0,4.0,0.0,7.0,17.0,120.0,1.0,22.0,4.0,85086.0,85086,------,762,479,132,87,49,8,6,1,0,0
92,92.0,27336.0,23846.0,19748.0,60161.0,31375.0,4846.0,1423.0,953.0,110.0,18649.0,2805.0,29667.0,30494.0,28.3,20106.0,39777.0,62.0,0.0,20.0,80.0,3.0,129.0,214.0,0.0,1.0,53.0,22.0,17.0,0.0,3.0,6.0,0.0,1.0,19.0,261.0,0.0,50.0,4.0,85301.0,85301,------,936,437,198,144,98,36,19,2,2,0
93,93.0,49515.0,26224.0,20386.0,47146.0,39299.0,1876.0,267.0,703.0,68.0,3575.0,1358.0,22311.0,24835.0,50.5,9182.0,37828.0,76.0,0.0,0.0,0.0,7.0,76.0,237.0,5.0,3.0,58.0,89.0,13.0,0.0,3.0,6.0,0.0,6.0,13.0,59.0,0.0,36.0,4.0,85374.0,85374,------,690,295,135,116,92,38,13,1,0,0
94,94.0,50427.0,17010.0,15117.0,37140.0,29276.0,1124.0,549.0,2271.0,90.0,2639.0,1191.0,18850.0,18290.0,32.8,8594.0,28479.0,1340.0,0.0,0.0,3.0,0.0,430.0,201.0,0.0,9.0,39.0,47.0,13.0,2.0,3.0,11.0,0.0,2.0,10.0,107.0,2.0,26.0,4.0,85027.0,85027,------,1521,655,263,233,213,97,36,13,3,8
95,95.0,99118.0,13667.0,12281.0,36908.0,29548.0,1532.0,238.0,3259.0,42.0,1075.0,1214.0,18012.0,18896.0,37.2,11884.0,24987.0,772.0,17.0,0.0,0.0,25.0,763.0,333.0,0.0,12.0,77.0,427.0,13.0,2.0,0.0,41.0,12.0,60.0,14.0,529.0,0.0,84.0,4.0,85249.0,85249,------,665,486,75,43,42,14,5,0,0,0
96,96.0,47387.0,11898.0,10854.0,28480.0,22679.0,1214.0,481.0,617.0,46.0,2445.0,998.0,14379.0,14101.0,35.0,6983.0,21355.0,47.0,0.0,0.0,0.0,9.0,102.0,142.0,0.0,4.0,28.0,28.0,17.0,1.0,5.0,2.0,0.0,1.0,10.0,166.0,0.0,32.0,4.0,85053.0,85053,------,467,255,108,43,36,8,10,4,3,0
97,97.0,46055.0,22676.0,17271.0,39858.0,34763.0,953.0,434.0,537.0,86.0,1978.0,1107.0,18763.0,21095.0,47.8,7972.0,31542.0,80.0,4.0,0.0,11.0,6.0,73.0,191.0,0.0,5.0,44.0,42.0,0.0,3.0,0.0,7.0,0.0,3.0,17.0,40.0,0.0,3.0,4.0,85205.0,85205,------,750,416,124,114,69,18,7,0,1,1
98,98.0,101684.0,8215.0,7186.0,21479.0,18157.0,749.0,84.0,1400.0,26.0,485.0,578.0,10483.0,10996.0,35.9,6876.0,14577.0,244.0,22.0,0.0,0.0,8.0,270.0,313.0,0.0,1.0,39.0,111.0,8.0,1.0,3.0,20.0,0.0,8.0,18.0,269.0,0.0,8.0,4.0,85298.0,85298,------,379,306,30,20,18,3,2,0,0,0
99,99.0,82529.0,11333.0,10198.0,25736.0,22740.0,458.0,105.0,1266.0,14.0,520.0,633.0,12307.0,13429.0,37.6,6602.0,19024.0,550.0,0.0,0.0,1.0,2.0,284.0,168.0,0.0,0.0,38.0,79.0,0.0,1.0,0.0,29.0,2.0,13.0,9.0,37.0,1.0,24.0,4.0,85050.0,85050,------,734,454,100,68,79,18,12,2,1,0
100,100.0,66379.0,13302.0,11579.0,35310.0,22706.0,3266.0,501.0,1593.0,98.0,5475.0,1671.0,17319.0,17991.0,30.9,10697.0,24607.0,191.0,0.0,0.0,0.0,15.0,178.0,433.0,1.0,2.0,50.0,147.0,23.0,0.0,0.0,25.0,0.0,7.0,33.0,397.0,6.0,46.0,4.0,85392.0,85392,------,338,187,64,35,37,11,2,2,0,0
101,101.0,46071.0,20021.0,16342.0,27703.0,26862.0,304.0,54.0,199.0,20.0,86.0,178.0,12245.0,15458.0,74.3,415.0,27102.0,11.0,0.0,0.0,0.0,1.0,38.0,39.0,0.0,0.0,76.0,16.0,0.0,0.0,0.0,0.0,0.0,1.0,3.0,3.0,0.0,4.0,4.0,85375.0,85375,------,293,130,69,42,35,11,4,1,0,1
102,102.0,49504.0,11324.0,9414.0,31787.0,19346.0,2090.0,451.0,511.0,88.0,7719.0,1582.0,15757.0,16030.0,28.1,11275.0,20499.0,65.0,0.0,0.0,0.0,15.0,48.0,220.0,0.0,6.0,15.0,25.0,14.0,0.0,0.0,5.0,0.0,1.0,19.0,47.0,0.0,11.0,4.0,85335.0,85335,------,182,101,32,19,21,7,1,1,0,0
103,103.0,72048.0,8311.0,7285.0,23490.0,18643.0,1464.0,193.0,731.0,74.0,1376.0,1009.0,11557.0,11933.0,30.7,8237.0,15211.0,56.0,0.0,0.0,6.0,11.0,64.0,403.0,1.0,4.0,15.0,42.0,1.0,0.0,0.0,1.0,2.0,8.0,12.0,74.0,0.0,17.0,4.0,85388.0,85388,------,152,100,19,12,7,8,5,1,0,0
104,104.0,37136.0,2831.0,2470.0,6156.0,4515.0,263.0,89.0,173.0,6.0,900.0,210.0,2935.0,3221.0,36.7,1558.0,4395.0,14.0,0.0,0.0,0.0,1.0,18.0,41.0,0.0,1.0,7.0,6.0,1.0,0.0,0.0,0.0,0.0,0.0,5.0,73.0,0.0,3.0,4.0,85363.0,85363,------,85,44,12,11,14,2,2,0,0,0
105,105.0,57731.0,20027.0,15044.0,37377.0,31847.0,1044.0,332.0,992.0,96.0,1942.0,1124.0,17927.0,19450.0,40.7,8800.0,28542.0,150.0,22.0,0.0,0.0,36.0,98.0,298.0,0.0,8.0,53.0,46.0,3.0,1.0,5.0,2.0,1.0,0.0,9.0,201.0,1.0,29.0,4.0,85209.0,85209,------,522,294,84,55,61,21,3,2,2,0
106,106.0,43682.0,14326.0,11766.0,24782.0,16713.0,1597.0,1477.0,499.0,34.0,3476.0,986.0,12685.0,12097.0,36.2,5299.0,19202.0,100.0,1.0,0.0,28.0,2.0,78.0,106.0,0.0,5.0,40.0,33.0,4.0,1.0,0.0,7.0,4.0,3.0,12.0,51.0,0.0,9.0,4.0,85014.0,85014,------,966,546,146,131,79,22,29,8,4,1
107,107.0,65693.0,12031.0,10583.0,35586.0,16167.0,5873.0,3248.0,2527.0,108.0,5884.0,1779.0,17324.0,18262.0,29.3,12032.0,23541.0,567.0,129.0,0.0,1.0,160.0,343.0,436.0,0.0,18.0,34.0,127.0,199.0,0.0,7.0,16.0,0.0,6.0,20.0,317.0,0.0,87.0,4.0,85339.0,85339,------,309,183,41,48,26,3,4,3,1,0
108,108.0,82340.0,2017.0,1500.0,3051.0,2901.0,16.0,9.0,56.0,0.0,24.0,45.0,1486.0,1565.0,59.8,313.0,2691.0,3.0,0.0,0.0,0.0,0.0,21.0,5.0,0.0,0.0,13.0,5.0,0.0,0.0,0.0,0.0,0.0,0.0,0.0,4.0,0.0,5.0,4.0,85377.0,85377,------,226,151,37,25,9,1,2,1,0,0
109,109.0,32133.0,10446.0,8666.0,29352.0,10315.0,6054.0,732.0,439.0,153.0,10354.0,1305.0,14881.0,14471.0,27.5,10096.0,19186.0,53.0,3.0,0.0,3.0,27.0,88.0,149.0,0.0,0.0,12.0,8.0,0.0,0.0,1.0,2.0,2.0,2.0,3.0,59.0,1.0,20.0,4.0,85040.0,85040,------,1359,433,248,236,229,125,61,20,6,1
110,110.0,59390.0,13526.0,10985.0,35015.0,27005.0,2168.0,454.0,727.0,137.0,2948.0,1576.0,17198.0,17817.0,29.8,12536.0,22479.0,56.0,3.0,0.0,0.0,2.0,81.0,342.0,1.0,2.0,32.0,20.0,24.0,0.0,0.0,12.0,0.0,2.0,12.0,89.0,1.0,24.0,4.0,85143.0,85143,------,190,123,23,21,17,4,1,1,0,0
111,111.0,37595.0,17619.0,15001.0,37743.0,24772.0,2617.0,1748.0,1408.0,70.0,5722.0,1406.0,18978.0,18765.0,33.1,9712.0,27481.0,764.0,5.0,30.0,4.0,11.0,102.0,140.0,1.0,2.0,42.0,40.0,29.0,0.0,12.0,6.0,3.0,1.0,11.0,172.0,4.0,15.0,4.0,85021.0,85021,------,917,461,133,138,101,35,30,11,4,4
112,112.0,47199.0,17226.0,15395.0,54947.0,25122.0,7831.0,1333.0,1501.0,111.0,16570.0,2479.0,27099.0,27848.0,28.0,18853.0,36072.0,236.0,28.0,0.0,17.0,69.0,173.0,371.0,1.0,6.0,38.0,81.0,25.0,0.0,18.0,20.0,0.0,9.0,16.0,319.0,0.0,21.0,4.0,85041.0,85041,------,350,168,88,40,42,6,5,1,0,0
113,113.0,101932.0,6293.0,5871.0,18104.0,15281.0,375.0,99.0,1512.0,17.0,353.0,467.0,9100.0,9004.0,34.8,5519.0,12321.0,655.0,3.0,0.0,1.0,7.0,226.0,127.0,0.0,10.0,48.0,180.0,2.0,1.0,14.0,42.0,1.0,7.0,4.0,132.0,0.0,21.0,4.0,85083.0,85083,------,184,148,12,17,5,2,0,0,0,0
114,114.0,46746.0,23118.0,20520.0,56208.0,41192.0,2783.0,924.0,1335.0,83.0,7756.0,2135.0,26873.0,29335.0,35.1,15168.0,40608.0,123.0,0.0,0.0,3.0,29.0,141.0,381.0,0.0,12.0,51.0,91.0,28.0,0.0,0.0,12.0,3.0,2.0,46.0,358.0,0.0,28.0,4.0,85345.0,85345,------,699,335,144,100,72,27,14,7,0,0
115,115.0,92875.0,7026.0,6637.0,19007.0,17132.0,276.0,130.0,549.0,25.0,373.0,522.0,9431.0,9576.0,40.0,4955.0,14000.0,149.0,3.0,0.0,1.0,2.0,116.0,96.0,1.0,1.0,47.0,66.0,1.0,0.0,0.0,6.0,0.0,2.0,6.0,26.0,0.0,12.0,4.0,85310.0,85310,------,369,254,42,38,24,5,5,1,0,0
116,116.0,120804.0,2693.0,2493.0,7238.0,6010.0,262.0,42.0,581.0,1.0,136.0,206.0,3538.0,3700.0,38.9,2240.0,4998.0,145.0,0.0,0.0,0.0,6.0,135.0,49.0,0.0,1.0,25.0,136.0,2.0,1.0,0.0,7.0,1.0,8.0,4.0,45.0,0.0,3.0,4.0,85045.0,85045,------,87,79,6,1,1,0,0,0,0,0
117,117.0,51526.0,10342.0,8711.0,17356.0,16317.0,207.0,60.0,176.0,5.0,317.0,274.0,7870.0,9486.0,66.3,2066.0,15018.0,17.0,0.0,0.0,0.0,0.0,19.0,39.0,12.0,2.0,19.0,14.0,2.0,1.0,0.0,1.0,0.0,0.0,9.0,16.0,0.0,15.0,4.0,85373.0,85373,------,152,105,20,11,7,7,2,0,0,0
118,118.0,70525.0,3248.0,2837.0,7708.0,7092.0,99.0,38.0,167.0,6.0,119.0,187.0,3969.0,3739.0,41.8,1906.0,5746.0,41.0,0.0,0.0,0.0,1.0,18.0,39.0,3.0,2.0,5.0,16.0,1.0,1.0,0.0,0.0,0.0,0.0,2.0,28.0,0.0,9.0,4.0,85087.0,85087,------,107,79,15,8,5,0,0,0,0,0
119,119.0,73941.0,5615.0,4192.0,12163.0,9730.0,490.0,105.0,272.0,21.0,1106.0,439.0,6085.0,6078.0,37.0,3470.0,8693.0,33.0,0.0,0.0,0.0,2.0,26.0,88.0,0.0,0.0,9.0,57.0,1.0,0.0,0.0,6.0,0.0,1.0,15.0,19.0,0.0,9.0,4.0,85396.0,85396,------,130,106,7,6,8,2,1,0,0,0
120,120.0,85421.0,3060.0,2733.0,8745.0,7151.0,387.0,67.0,217.0,9.0,648.0,266.0,4362.0,4383.0,33.1,2693.0,6052.0,23.0,0.0,0.0,0.0,0.0,17.0,109.0,0.0,0.0,13.0,12.0,1.0,0.0,0.0,1.0,4.0,0.0,12.0,19.0,0.0,2.0,4.0,85355.0,85355,------,101,79,10,8,3,1,0,0,0,0
121,121.0,34516.0,1598.0,1345.0,2886.0,2712.0,7.0,36.0,12.0,0.0,55.0,64.0,1493.0,1393.0,52.4,445.0,2435.0,0.0,0.0,0.0,0.0,0.0,0.0,7.0,0.0,0.0,0.0,3.0,0.0,0.0,0.0,0.0,0.0,0.0,0.0,0.0,2.0,0.0,4.0,85324.0,85324,------,45,38,4,2,0,1,0,0,0,0
122,122.0,51250.0,425.0,388.0,1249.0,302.0,3.0,856.0,3.0,0.0,44.0,41.0,618.0,631.0,30.6,407.0,842.0,0.0,0.0,1.0,0.0,0.0,0.0,2.0,0.0,0.0,0.0,0.0,0.0,0.0,0.0,0.0,0.0,0.0,0.0,0.0,0.0,0.0,4.0,85264.0,85264,------,17,13,0,2,0,0,1,0,1,0
123,123.0,76384.0,16505.0,14570.0,48870.0,39805.0,1773.0,448.0,1200.0,93.0,3830.0,1721.0,24452.0,24418.0,30.1,17658.0,31196.0,89.0,13.0,0.0,0.0,37.0,109.0,390.0,1.0,3.0,48.0,113.0,16.0,0.0,0.0,21.0,7.0,7.0,15.0,249.0,2.0,46.0,4.0,85142.0,85142,------,885,571,118,108,63,20,3,2,0,0
124,124.0,62368.0,12775.0,11068.0,36711.0,29580.0,1264.0,370.0,677.0,59.0,3340.0,1421.0,18329.0,18382.0,28.0,13642.0,23064.0,59.0,16.0,0.0,1.0,16.0,68.0,285.0,4.0,0.0,32.0,43.0,10.0,0.0,0.0,0.0,1.0,0.0,8.0,86.0,0.0,26.0,4.0,85140.0,85140,------,237,162,27,29,10,7,1,1,0,0
125,,,,,,,,,,,,,,,,,,,,,,,,,,,,,,,,,,,,,,,,,85001,------,35,20,4,4,5,2,0,0,0,0
126,,,,,,,,,,,,,,,,,,,,,,,,,,,,,,,,,,,,,,,,,85005,------,12,4,0,1,4,2,1,0,0,0
127,,,,,,,,,,,,,,,,,,,,,,,,,,,,,,,,,,,,,,,,,85010,------,6,3,1,2,0,0,0,0,0,0
128,,,,,,,,,,,,,,,,,,,,,,,,,,,,,,,,,,,,,,,,,85064,------,21,17,1,2,1,0,0,0,0,0
129,,,,,,,,,,,,,,,,,,,,,,,,,,,,,,,,,,,,,,,,,85073,------,2,1,0,0,1,0,0,0,0,0
130,,,,,,,,,,,,,,,,,,,,,,,,,,,,,,,,,,,,,,,,,85236,------,61,35,12,8,5,1,0,0,0,0
131,,,,,,,,,,,,,,,,,,,,,,,,,,,,,,,,,,,,,,,,,85252,------,38,26,6,3,1,2,0,0,0,0
132,,,,,,,,,,,,,,,,,,,,,,,,,,,,,,,,,,,,,,,,,85280,------,17,7,2,4,1,2,1,0,0,0
133,,,,,,,,,,,,,,,,,,,,,,,,,,,,,,,,,,,,,,,,,85287,------,23,9,3,1,5,2,3,0,0,0
134,,,,,,,,,,,,,,,,,,,,,,,,,,,,,,,,,,,,,,,,,85311,------,6,4,1,0,1,0,0,0,0,0
135,,,,,,,,,,,,,,,,,,,,,,,,,,,,,,,,,,,,,,,,,85318,------,32,24,4,2,2,0,0,0,0,0
136,,,,,,,,,,,,,,,,,,,,,,,,,,,,,,,,,,,,,,,,,85327,------,32,18,4,7,3,0,0,0,0,0
137,,,,,,,,,,,,,,,,,,,,,,,,,,,,,,,,,,,,,,,,,85329,------,8,5,0,1,2,0,0,0,0,0
138,,,,,,,,,,,,,,,,,,,,,,,,,,,,,,,,,,,,,,,,,85378,------,118,63,24,18,10,3,0,0,0,0
139,,,,,,,,,,,,,,,,,,,,,,,,,,,,,,,,,,,,,,,,,85385,------,15,13,0,1,1,0,0,0,0,0
